Mutant,AvgChange_Unfolded
D2A,-0.06807302494400741
D2C,0.011194524321722618
D2E,-0.03478851421115226
D2M,-0.016031644680359863
D2N,0.002598647875031549
D2R,-0.011010399337610782
T7Q,-0.1321097758861248
T7R,-0.04253165925462034
T7V,-0.06653524015831191
T7Y,-0.09794080569133848
T7D,0.013312570141380249
T7G,-0.062271041495208804
Y9A,0.014998199184173546
Y9E,0.025297276319653134
Y9G,0.01578031869149999
Y9Q,0.018897216891660323
Y9R,-0.045387674116285213
Y9V,-0.08249906383743953
