Mutant,AvgChange_Unfolded
D2A,-0.017505766848231064
D2C,0.028219717673382532
D2E,-0.03552392304575297
D2M,-0.01064477311239716
D2N,0.020363684569293748
D2R,-0.009313983406686531
T7Q,-0.05687518903170825
T7R,-0.0373657965553909
T7V,0.06290316003996274
T7Y,-0.057816834850629086
Y9A,0.003939283517293656
Y9E,0.031601780679331205
Y9G,0.017905786751204963
Y9Q,0.03181558481645421
Y9R,-0.027097592031435237
Y9V,-0.0059511921419766484
