Mutant,AvgChange_Diff_F-U
D2A,0.01922418026640476
D2C,-0.029602041483971924
D2E,0.036423114217316234
D2M,0.011998402897163423
D2N,-0.015990573046542878
D2R,0.007172422139420778
T7Q,0.05325878380421562
T7R,0.03670160315868422
T7V,-0.06753691311820806
T7Y,0.051332391366615895
Y9A,-0.006088078722754879
Y9E,-0.03964842095410761
Y9G,-0.021149071466027045
Y9Q,-0.043143390547630375
Y9R,0.015242561779655436
Y9V,-0.0068684461691267944
