Mutant,AvgChange_Folded
D2A,0.0031933110918082987
D2C,-0.003736735255934858
D2E,0.002237684149831613
D2M,0.0021286839880824754
D2N,-0.0008041387892560218
D2R,-0.002063279809836446
T7Q,-0.004001786695500209
T7R,0.00017534058514580238
T7V,-0.0023089903643434295
T7Y,-0.005870550721914911
T7D,-0.010106524796195726
T7G,-0.006374476275650846
Y9A,-0.008469156851337197
Y9E,-0.007313934453058796
Y9G,-0.002937022278553585
Y9Q,-0.01633251727113102
Y9R,-0.013881425014076645
Y9V,-0.011570868355935543
