Mutant,AvgChange_Diff_F-U
D2A,0.07622688460794359
D2C,-0.015392125941013895
D2E,0.038633336998175186
D2M,0.022975287305827412
D2N,-0.00405019021464814
D2R,0.012072897448144923
D2K,-0.06619942710026586
D2Y,-0.017951698151048363
T7Q,0.13642912060837903
T7R,0.04185752152992746
T7V,0.06913483281942566
T7Y,0.10197868586605859
T7D,-0.029715237096066542
T7G,0.056960622770766266
Y9A,-0.028492084808026844
Y9E,-0.03963531221979187
Y9G,-0.02177467884373106
Y9Q,-0.04188250136728893
Y9R,0.03394341072226471
Y9V,0.07522476431578128
Y0A,0.014796008652294346
Y0E,-0.020252030146786733
Y0Q,0.016094239619963518
Y0R,0.18582995499613603
P3C,0.0670698236915212
P3M,0.05205364416097855
P3D,0.08369623852047543
P3R,0.07328236503537877
