Mutant,AvgChange_Diff_F-U
D2A,0.11993011134204666
D2C,-0.024983093374943595
D2E,0.04409132770969832
D2M,0.0019199443808942346
D2N,0.014495958321344654
D2R,0.03803189622632327
D2K,-0.013642282297865588
D2Y,-0.03320731576921464
T7Q,0.12102700896298413
T7R,0.09637617816723118
T7V,0.027815412264192124
T7Y,0.05149151493760417
T7D,-0.006919043913960615
T7G,0.11915900013214122
Y9A,0.011489389567225828
Y9E,0.0013469281835753004
Y9G,0.04069615445417568
Y9Q,0.016827810197207034
Y9R,0.018046347421778026
Y9V,0.008594493656168016
Y0A,0.016624788166125174
Y0E,-0.0013811950729536136
Y0Q,0.055588754414940725
Y0R,0.05235566130935117
P3C,0.10509139259524926
P3M,0.10491529956734237
P3D,0.12039949056172919
P3R,0.11222630295465466
