Mutant,AvgChange_Folded
D2A,0.0017184134181736934
D2C,-0.0013823238105894003
D2E,0.0008991911715632584
D2M,0.0013536297847662575
D2N,0.004373111522750863
D2R,-0.0021415612672657596
T7Q,-0.003616405227492628
T7R,-0.0006641933967066747
T7V,-0.00463375307824531
T7Y,-0.0064844434840131806
Y9A,-0.0021487952054612272
Y9E,-0.008046640274776418
Y9G,-0.0032432847148220925
Y9Q,-0.011327805731176175
Y9R,-0.011855030251779806
Y9V,-0.012819638311103441
