Mutant,AvgChange_Folded
D2A,0.0021849113090799377
D2C,-0.001542371266988101
D2E,0.0020481483010686133
D2M,0.002777453872802088
D2N,-0.0019266565259520095
D2R,-0.0010471357629366338
D2K,0.0018024674515855117
D2Y,0.0025483110129503844
T7Q,-0.005363794107245782
T7R,-0.0012591052435454826
T7V,-0.0043706299420069
T7Y,-0.008731537910466837
T7D,-0.012380455785129264
T7G,-0.009417613893068735
Y9A,-0.0034992515252742903
Y9E,-0.008213593045899463
Y9G,-0.00457480811088744
Y9Q,-0.01892079193976474
Y9R,-0.01784922582386746
Y9V,-0.013029521516897093
Y0A,-0.001811779974539501
Y0E,-0.004169048274623509
Y0Q,-0.004005531316529011
Y0R,0.00023000201197163807
P3C,-0.002529941286727919
P3M,-0.0009612529096290924
P3D,-0.004719237354002224
P3R,-0.0035356034097110437
