Mutant,AvgChange_Folded
D2A,0.003132942117656305
D2C,-0.004544424699409897
D2E,0.0020080894993850552
D2M,0.0019236249097522252
D2N,-0.0011055463396938091
D2R,-0.0031609989862670385
D2K,0.0022490095463300616
D2Y,0.002323351674087826
T7Q,-0.005011076706697902
T7R,-0.00019790694460944353
T7V,-0.0027916996266068206
T7Y,-0.006967114860782103
T7D,-0.01088994332934837
T7G,-0.007639865553994482
Y9A,-0.009327684466754438
Y9E,-0.00789295526808976
Y9G,-0.003184255151803423
Y9Q,-0.01777827839079896
Y9R,-0.01545192666395381
Y9V,-0.012884184615749633
Y0A,-0.0014594196374730676
Y0E,-0.002875306625880998
Y0Q,-0.0027458684493013794
Y0R,0.00010797265723068501
P3C,-0.004024669613958629
P3M,-3.5067666062971624e-05
P3D,-0.004989206667136938
P3R,-0.0025332394571136977
