Mutant,AvgChange_Unfolded
D2A,-0.11774520003296672
D2C,0.023440722107955496
D2E,-0.04204317940862971
D2M,0.00085750949190786
D2N,-0.01642261484729667
D2R,-0.039079031989259896
D2K,0.015444749749451108
D2Y,0.03575562678216502
T7Q,-0.12639080307022993
T7R,-0.09763528341077667
T7V,-0.03218604220619902
T7Y,-0.060223052848071
T7D,-0.005461411871168653
T7G,-0.12857661402520995
Y9A,-0.014988641092500117
Y9E,-0.009560521229474764
Y9G,-0.04527096256506312
Y9Q,-0.03574860213697178
Y9R,-0.03589557324564548
Y9V,-0.021624015173065114
Y0A,-0.01843656814066467
Y0E,-0.002787853201669892
Y0Q,-0.05959428573146974
Y0R,-0.05212565929737954
P3C,-0.10762133388197717
P3M,-0.10587655247697146
P3D,-0.12511872791573142
P3R,-0.1157619063643657
