Mutant,AvgChange_Unfolded
D2A,-0.07309394249028729
D2C,0.010847701241603997
D2E,-0.03662524749879014
D2M,-0.0210516623960752
D2N,0.002944643874954324
D2R,-0.015233896434411965
D2K,0.06844843664659592
D2Y,0.02027504982513619
T7Q,-0.14144019731507695
T7R,-0.0420554284745369
T7V,-0.07192653244603249
T7Y,-0.10894580072684067
T7D,0.01882529376671817
T7G,-0.06460048832476076
Y9A,0.019164400341272404
Y9E,0.03174235695170212
Y9G,0.018590423691927642
Y9Q,0.02410422297648997
Y9R,-0.0493953373862185
Y9V,-0.08810894893153091
Y0A,-0.016255428289767417
Y0E,0.01737672352090574
Y0Q,-0.01884010806926491
Y0R,-0.18572198233890533
P3C,-0.07109449330547983
P3M,-0.052088711827041535
P3D,-0.08868544518761239
P3R,-0.07581560449249247
