Mutant,AvgChange_Diff_F-U
D2A,0.07126633603581571
D2C,-0.01493125957765748
D2E,0.03702619836098388
D2M,0.01816032866844234
D2N,-0.0034027866642875704
D2R,0.008947119527774331
T7Q,0.1281079891906246
T7R,0.04270699983976615
T7V,0.06422624979396847
T7Y,0.09207025496942357
T7D,-0.023419094937575973
T7G,0.055896565219557943
Y9A,-0.02346735603551075
Y9E,-0.03261121077271193
Y9G,-0.018717340970053575
Y9Q,-0.03522973416279135
Y9R,0.03150624910220857
Y9V,0.07092819548150398
