Mutant,Dot_Folded,Dot_Unfolded,CosSim_Folded,CosSim_Unfolded
D2A,0.00013442285999773387,0.9211739602525235,0.9897038115915783,0.9258881184119532
D2R,0.00015126938179272302,1.314827242144346,0.896038075192852,0.9598981725855198
D2N,0.0001453113412176926,1.457253291613827,0.9328720242541415,0.9842368603133742
D2C,0.00014659758281508582,1.2020780379343847,0.9405787592197252,0.9713366014894551
D2E,0.00011198785611925236,1.2461559305736116,0.9829551198469142,0.9707042523818435
D2K,0.00011989396218111203,1.124424050967908,0.9662432486787742,0.9505507876624548
D2M,0.00010626728023781943,1.6160607091334789,0.9819875400965871,0.9547272256482545
D2Y,0.0001201015593695424,1.067551302516133,0.9692793565569016,0.9739390784831499
P3R,0.0001298548459331381,1.2398952595504464,0.9737010488291744,0.909503783539135
P3D,0.0001745354340492189,0.999273891126903,0.9744690006833518,0.9242777401308829
P3C,0.00012726627137083014,1.5970526983481077,0.9479991485002985,0.9305909723728139
P3M,0.00012131169450497209,1.024556865938964,0.9825026132730825,0.9550606365320428
T7R,0.00013034191794748638,0.9292917779019034,0.981892743063878,0.9561938977669993
T7D,0.00015943836927613766,1.1407906832096706,0.8852964819744928,0.9562259985768654
T7Q,0.00012763657762838337,0.7650467145432956,0.9674550003045147,0.8773916165899843
T7Y,0.00011849725715389937,0.9503774838496655,0.9714353639872813,0.9200528942561471
T7V,0.00013480844645494434,1.0922592402055016,0.9759944615993955,0.9204798710874954
Y0A,0.00014076080073603773,1.0271149449213883,0.9689087602168848,0.9839476306412239
Y0R,0.00012832193316323763,0.6378733534503693,0.9951860992333406,0.9653762735456044
Y0Q,0.00013194663201061233,0.6786092427583128,0.9829087913541874,0.9736109291772991
Y0E,0.0001498330587109457,0.902751952183484,0.9464380400043974,0.9748365284781257
Y9A,0.00017990318441458847,1.215316125552777,0.8180467757137785,0.9908362778836532
Y9R,0.00018985795880228885,1.0024999549090161,0.8375188267538637,0.9564223627303308
Y9Q,0.0002505279830761032,0.9861084959019442,0.882327830567941,0.9848008846620714
Y9E,0.00023667999402069846,0.8075208519113523,0.8321957138968957,0.9734245268579947
Y9G,0.0002279241904519148,1.2771669709873439,0.8174575537795351,0.9641487532199703
Y9V,0.00024060617413705556,0.9711406841376268,0.8005173288765269,0.9636960968190347
