Mutant,Dot_Folded,Dot_Unfolded,CosSim_Folded,CosSim_Unfolded
D2A,0.00019365587738374995,1.8693398290710777,0.9055096204519284,0.910400241490406
D2R,0.0002791960610854497,2.12411695809885,0.8190705405678832,0.9816166721610433
D2N,0.0002400144210754611,2.46499259698225,0.9111739099442491,0.9591622863225802
D2C,0.0003702761048805911,2.641093216931164,0.8970206878831777,0.9439545415389156
D2E,0.00017461670481313152,1.7964825752647293,0.8945367112852245,0.9575324937604983
D2M,0.00017809997439491404,2.0890592528858396,0.8895951157156027,0.9865202224167628
T7R,0.00018443905506242006,1.651249868012985,0.8901068135639493,0.9453555728399218
T7D,0.00023376074812256925,2.4114272068081064,0.8146875348882632,0.9246271754075559
T7G,0.00037117545311663206,2.2202006498900992,0.7986870659827311,0.8599051943572588
T7Q,0.0002236680848228616,1.8104673269750586,0.9228633832155366,0.7750724320668927
T7Y,0.00024441947320342507,1.9568189966395062,0.889292111027123,0.8605244241662972
T7V,0.00021289491919288233,1.8389934496077023,0.9183120832242553,0.8839725683399648
Y9A,0.00043390835013926935,2.3226176147072963,0.7597993929408082,0.9810571981351089
Y9R,0.00034370542185200377,1.8640646920112462,0.799619604237714,0.8517370864183968
Y9Q,0.0003605368011117134,1.4835176814809268,0.807941761566446,0.9431499919221209
Y9E,0.00046530121665101657,1.5157420867434008,0.9097064964951945,0.9587128454685286
Y9G,0.0003559901880159548,1.9175753074908388,0.7742158714457597,0.9663905289067123
Y9V,0.00034092327869509443,2.829376650742197,0.7457291439861838,0.8729898029527287
