Mutant,Dot_Folded,Dot_Unfolded,CosSim_Folded,CosSim_Unfolded
D2A,0.00019365587738374995,1.8693398290710783,0.9055096204519283,0.9104002414904059
D2R,0.00027919606108544963,2.124116958098851,0.8190705405678832,0.9816166721610433
D2N,0.00024001442107546113,2.46499259698225,0.9111739099442492,0.95916228632258
D2C,0.0003702761048805911,2.6410932169311643,0.8970206878831777,0.9439545415389156
D2E,0.00017461670481313152,1.7964825752647309,0.8945367112852244,0.9575324937604983
D2K,0.00019783391365804393,1.8211718907874332,0.9122368571229053,0.9602745325214871
D2M,0.00017809997439491402,2.08905925288584,0.8895951157156025,0.9865202224167631
D2Y,0.0002246963865798879,2.458948107078661,0.8990162186145294,0.9597783146153633
P3R,0.00020278066997086357,1.9793395707556538,0.8906407947268359,0.9048481487353819
P3D,0.0002654815361454531,1.577696735125496,0.8747200139269387,0.8823911375953895
P3C,0.0002649503733229225,2.260041086519469,0.8741398743309662,0.9381790379849606
P3M,0.00012131169450497209,1.024556865938964,0.9825026132730825,0.9550606365320428
T7R,0.00018443905506242006,1.651249868012985,0.8901068135639492,0.9453555728399217
T7D,0.00023376074812256922,2.4114272068081064,0.8146875348882633,0.9246271754075556
T7Q,0.00022366808482286163,1.8104673269750586,0.9228633832155367,0.7750724320668924
T7G,0.00037117545311663206,2.2202006498900992,0.7986870659827311,0.8599051943572588
T7Y,0.00024441947320342507,1.9568189966395058,0.889292111027123,0.8605244241662974
T7V,0.00021289491919288238,1.838993449607702,0.9183120832242554,0.883972568339965
Y0A,0.00021827071694870048,1.9696212277720644,0.8830011344640816,0.9712509158681575
Y0R,0.0001923225502528981,1.263300426433812,0.8880029070393503,0.7432182512195845
Y0Q,0.00019368022599457646,1.3059199317099304,0.8987666776651784,0.9196763704558458
Y0E,0.00022119342063972635,2.296039008110483,0.8780899407159819,0.8789495744580504
Y9A,0.00043390835013926957,2.3226176147072968,0.7597993929408084,0.9810571981351089
Y9R,0.00034370542185200377,1.8640646920112467,0.7996196042377139,0.8517370864183968
Y9Q,0.0003605368011117134,1.4835176814809263,0.8079417615664463,0.9431499919221208
Y9E,0.00046530121665101684,1.5157420867434008,0.9097064964951945,0.9587128454685288
Y9G,0.00035599018801595484,1.9175753074908393,0.7742158714457597,0.9663905289067122
Y9K,0.00030363083855382457,1.4972799435945763,0.7906848585245472,0.8899771087252187
Y9V,0.0003409232786950945,2.829376650742197,0.745729143986184,0.8729898029527283
