Mutant,Dot_Folded,Dot_Unfolded,CosSim_Folded,CosSim_Unfolded
D2A,0.00013629045032399176,1.2227726888617627,0.9893200978369029,0.9194002235616953
AD2R,0.00019259973646215981,2.12411695809885,0.8819793432220292,0.9816166721610433
D2N,0.0001561024818075028,2.46499259698225,0.9250483930291914,0.9591622863225802
D2C,0.0001463244709715707,2.7342456852980894,0.921385320646923,0.9619895655973086
D2E,0.00012237627820074493,1.7964825752647293,0.9785889942373625,0.9575324937604983
D2M,0.00012254959234324526,1.4766022217397903,0.9773369892673603,0.9912929940421146
T7R,0.00013034191794748638,1.651249868012985,0.981892743063878,0.9453555728399218
T7Q,0.00013718019829665084,1.0314066296097448,0.9454464924550715,0.806440218363007
T7Y,0.0001224081121707484,0.9054232595694125,0.9573352386477608,0.9733001659476331
T7Y,0.00015237782370934502,2.196976120504271,0.970778606551477,0.9830690012908745
Y9A,0.0001948431135621923,1.8330472818518229,0.8485283669963128,0.9804744520985244
Y9R,0.00018837231658476157,1.859909057384035,0.8368346796015615,0.9059330773139163
Y9Q,0.0002639296119181391,1.0496787085234882,0.9011731105553928,0.9337321953218343
Y9E,0.00025424109529630475,1.1625490833869285,0.80794836350101,0.9433131540401728
Y9G,0.00023900797559152264,1.9175753074908388,0.8113853120947656,0.9663905289067123
Y9V,0.0002314989968908376,1.7415529636941245,0.7774666031614097,0.9080959942002266
