Mutant,dot_folded,dot_unfolded
D2A,0.00013629045032399173,0.007968182758985677
D2R,0.0001925997364621598,0.01188130286424741
D2N,0.0001561024818075028,0.011283610374044536
D2C,0.00014632447097157064,0.008395550976322542
D2E,0.00012237627820074493,0.007086604467852988
D2M,0.0001225495923432452,0.007001373957936022
T7R,0.00013034191794748638,0.00709786250085615
T7Q,0.00013034191794748638,0.00709786250085615
T7Y,0.00013034191794748638,0.00709786250085615
T7V,0.000152377823709345,0.00786952843580693
Y9A,0.00019484311356219233,0.012834709818009143
Y9R,0.00018837231658476157,0.00873565810964926
Y9Q,0.0002639296119181392,0.012296854617229942
Y9E,0.0002542410952963048,0.019434796134369693
Y9G,0.00023900797559152267,0.014168183919756968
Y9V,0.0002314989968908376,0.010080745420119091
