Mutant,Diagonal_Dot_Folded,Diagonal_Dot_Unfolded,VarU-VarF,dvar_F(WT-mut),dvar_U(WT-mut)
D2A,3.376273118551861e-05,0.17231117796035955,0.17227741522917403,-0.004407537676424171,0.566223793747134
D2R,4.9839048515456153e-05,0.2860929373833806,0.28604309833486513,-0.018050050512550528,0.12457333242696468
D2N,3.9982313174363684e-05,0.29677418468994515,0.2967342023767708,-0.009555063040637588,-0.15473874479137978
D2C,3.634060755313205e-05,0.3385019838911101,0.33846564328355694,-0.005520723285546746,-0.4068286493402277
D2E,3.0779928937074626e-05,0.23919875982375208,0.239167979894815,-0.001659632572887336,0.17538928293307787
D2M,3.084237453417712e-05,0.19184330960280277,0.19181246722826858,-0.0018151031037510353,0.7284066735102814
T7R,3.2239445156670925e-05,0.22365009230591662,0.22361785286075994,-0.0021444844706844995,0.2850470634375042
T7Q,3.639722079100295e-05,0.15100669608967202,0.15097029886888103,-0.006544360605743526,0.5573318136198923
T7Y,3.0946605928959525e-05,0.12477556380912998,0.12474461720320101,-0.0019294549119610442,1.0752557076777325
T7V,3.652726461229878e-05,0.2601434762160972,0.2601069489514849,-0.005587809039152267,0.2612663308430816
Y9A,5.0461823469244945e-05,0.2262408222788817,0.22619036045541246,-0.017754242559709487,0.2951817778338684
Y9R,5.0116396631312544e-05,0.23555944681930419,0.23550933042267289,-0.01616699765704267,0.2795439563844814
Y9Q,6.580040362603648e-05,0.1445737791490926,0.1445079787454666,-0.029369809964403186,0.7698900409251531
Y9E,6.892431724842368e-05,0.15665513631164268,0.15658621199439426,-0.03375978505057797,0.7444806962684751
Y9G,6.450051296433896e-05,0.2415872195620909,0.24152271904912656,-0.028149995738618653,0.22945969454168075
Y9V,6.076471053887814e-05,0.21866949823480858,0.2186087335242697,-0.022997731847334626,0.21615775704831272