Mutant,Diagonal_Dot_Folded,Diagonal_Dot_Unfolded
D2A,5.371043625022263e-05,0.25043257230256416
D2R,8.031751244609392e-05,0.2860929373833806
D2N,6.673530335014511e-05,0.29677418468994515
D2C,9.608551662701405e-05,0.34215206506082224
D2E,4.827530458528101e-05,0.23919875982375208
D2M,4.8776054728392765e-05,0.26669219145945566
T7R,4.946850385321136e-05,0.22365009230591662
T7D,6.299437901526565e-05,0.3001145382562423
T7Q,6.139693429426474e-05,0.23216446272726013
T7Y,6.884172870594816e-05,0.3075700225178355
T7V,5.727385891451094e-05,0.2412450264782057
Y9A,0.00012135101088847844,0.28433002279950614
Y9R,9.806340205799058e-05,0.2513798240528709
Y9Q,9.79363012357377e-05,0.1939800145783785
Y9E,0.00014288715437795184,0.19969905626963586
Y9G,0.0001044774258519839,0.2415872195620909
Y9V,9.334705414487023e-05,0.32592911758272136