Mutant,full_evec,full_evec_norm01
D2A,0.7938745635011241,0.8969372817505621
D2C,0.9767619117872995,0.9883809558936498
D2M,0.6576234389874046,0.8288117194937024
D2N,0.9189489243333774,0.9594744621666886
D2R,0.8921708717378586,0.9460854358689292
D2E,0.890182600397904,0.945091300198952
Y9E,0.3437390124111108,0.6718695062055554
Y9G,0.6546636235181761,0.827331811759088
Y9Q,0.5251429135654819,0.762571456782741
Y9R,0.06662412905245273,0.5333120645262264
Y9V,0.8748033999839628,0.9374016999919814
Y9A,0.8660255391038411,0.9330127695519206
T7V,0.4938845571006871,0.7469422785503436
T7Q,0.8371094239857763,0.9185547119928881
T7R,0.7004535017669565,0.8502267508834782
T7Y,0.17550859314727388,0.587754296573637
T7D,0.8635166365640022,0.9317583182820011
T7G,0.8289346809382958,0.9144673404691479
