Mutant,full_evec_dot
D2A,0.7938745635011241
D2C,0.9767619117872995
D2M,0.6576234389874046
D2N,-0.1060438954987976
D2R,0.8921708717378586
D2E,0.890182600397904
Y9E,0.3437390124111108
Y9G,0.6546636235181761
Y9Q,0.5251429135654819
Y9R,0.06662412905245273
Y9V,0.8748033999839628
Y9A,0.8660255391038411
T7V,0.4938845571006871
T7Q,0.8371094239857763
T7R,0.7004535017669565
T7Y,0.17550859314727388