mfpt_threshold,tF,tU,rho_spear_abs,n
0.28,0.29,0.52,0.580916949338002,38
0.3,0.29,0.52,0.4270707954918481,38
0.32,0.29,0.52,0.3609804136119925,38
0.34,0.18,0.74,0.32049458365247835,38
0.36,0.18,0.74,0.28723055038844514,38
0.38,0.18,0.74,0.3119597330123646,38
0.4,0.18,0.74,0.23361418098260203,38
0.42,0.18,0.74,0.160958529379582,38
0.44,0.18,0.74,0.2167633220264799,38
0.46,0.18,0.74,0.2519969362074625,38
0.48,0.18,0.74,0.23098807309333624,38
0.5,0.25,0.57,0.24346208556734872,38
