Mutant,N_Features,HLDA_Eigenvalue,Thr_F,Thr_UF,Eigenvalue_File
D2A,28,6254.971152194603,0.12,0.3,eigenvalues1_0.12_0.30.dat
D2C,23,5784.344643597399,0.12,0.3,eigenvalues1_0.12_0.30.dat
D2E,26,6865.650887450206,0.12,0.3,eigenvalues1_0.12_0.30.dat
D2K,23,7883.790365826879,0.12,0.3,eigenvalues1_0.12_0.30.dat
D2M,24,6578.102626555603,0.12,0.3,eigenvalues1_0.12_0.30.dat
D2N,25,8791.615303552691,0.12,0.3,eigenvalues1_0.12_0.30.dat
D2R,26,5556.877262206088,0.12,0.3,eigenvalues1_0.12_0.30.dat
D2Y,24,6883.60963627073,0.12,0.3,eigenvalues1_0.12_0.30.dat
E4A,25,8953.29949074761,0.12,0.3,eigenvalues1_0.12_0.30.dat
E4G,28,6969.670019544193,0.12,0.3,eigenvalues1_0.12_0.30.dat
E4R,25,7078.007646155,0.12,0.3,eigenvalues1_0.12_0.30.dat
E4Y,23,7893.124871200892,0.12,0.3,eigenvalues1_0.12_0.30.dat
P3C,28,5473.612938752744,0.12,0.3,eigenvalues1_0.12_0.30.dat
P3D,26,5438.048401013619,0.12,0.3,eigenvalues1_0.12_0.30.dat
P3M,28,7022.27210115033,0.12,0.3,eigenvalues1_0.12_0.30.dat
P3R,27,5183.826683466895,0.12,0.3,eigenvalues1_0.12_0.30.dat
T5D,24,5563.572738964805,0.12,0.3,eigenvalues1_0.12_0.30.dat
T5G,25,5245.383701134328,0.12,0.3,eigenvalues1_0.12_0.30.dat
T5R,21,5592.001730396876,0.12,0.3,eigenvalues1_0.12_0.30.dat
T5Y,20,3598.5682987630494,0.12,0.3,eigenvalues1_0.12_0.30.dat
T7D,23,6402.940186025685,0.12,0.3,eigenvalues1_0.12_0.30.dat
T7G,24,5863.351547326842,0.12,0.3,eigenvalues1_0.12_0.30.dat
T7Q,25,8389.938254038885,0.12,0.3,eigenvalues1_0.12_0.30.dat
T7R,22,8049.172351211506,0.12,0.3,eigenvalues1_0.12_0.30.dat
T7V,27,6531.275171909565,0.12,0.3,eigenvalues1_0.12_0.30.dat
T7Y,27,5296.84684443544,0.12,0.3,eigenvalues1_0.12_0.30.dat
WT,23,6704.523533661749,0.12,0.3,eigenvalues1_0.12_0.30.dat
Y0E,26,10181.856030856006,0.12,0.3,eigenvalues1_0.12_0.30.dat
Y0Q,26,8509.34868153078,0.12,0.3,eigenvalues1_0.12_0.30.dat
Y0R,28,5875.364324073211,0.12,0.3,eigenvalues1_0.12_0.30.dat
Y9A,20,5108.2953908425325,0.12,0.3,eigenvalues1_0.12_0.30.dat
Y9E,20,3345.347465063534,0.12,0.3,eigenvalues1_0.12_0.30.dat
Y9G,22,5075.783592961016,0.12,0.3,eigenvalues1_0.12_0.30.dat
Y9K,19,5702.233700225113,0.12,0.3,eigenvalues1_0.12_0.30.dat
Y9Q,24,5344.522531302302,0.12,0.3,eigenvalues1_0.12_0.30.dat
Y9R,25,4706.414367642447,0.12,0.3,eigenvalues1_0.12_0.30.dat
Y9V,28,5156.548063766167,0.12,0.3,eigenvalues1_0.12_0.30.dat
Y0A,28,5156.548063766167,0.12,0.3,eigenvalues1_0.12_0.30.dat