mfpt_threshold,tF,tU,rho_spear_abs,n
0.28,0.29,0.52,0.5761024182076813,38
0.3,0.29,0.52,0.41000109421162045,38
0.32,0.29,0.52,0.3480687164897691,38
0.34,0.18,0.74,0.3281540649961703,38
0.36,0.18,0.74,0.31480468322573585,38
0.38,0.18,0.74,0.2412736623262939,38
0.4,0.36,0.79,0.20779078673815515,38
0.42,0.18,0.74,0.16314695262063683,38
0.44,0.18,0.74,0.23886639676113355,38
0.46,0.18,0.74,0.22770543823175401,38
0.48,0.25,0.57,0.2530911478279899,38
0.5,0.29,0.57,0.29007550060181636,38
