Mutant,N_Features,HLDA_Eigenvalue,Thr_F,Thr_UF,Eigenvalue_File
D2A,28,6076.12272783483,0.14,0.3,eigenvalues1_0.14_0.30.dat
D2C,24,6129.893159742527,0.14,0.3,eigenvalues1_0.14_0.30.dat
D2E,26,6823.543488207707,0.14,0.3,eigenvalues1_0.14_0.30.dat
D2K,24,10089.946524142972,0.14,0.3,eigenvalues1_0.14_0.30.dat
D2M,24,6473.829254123037,0.14,0.3,eigenvalues1_0.14_0.30.dat
D2N,25,8434.729378727212,0.14,0.3,eigenvalues1_0.14_0.30.dat
D2R,26,4997.878736360936,0.14,0.3,eigenvalues1_0.14_0.30.dat
D2Y,24,6225.654784373376,0.14,0.3,eigenvalues1_0.14_0.30.dat
E4A,26,8781.968214056924,0.14,0.3,eigenvalues1_0.14_0.30.dat
E4G,28,6706.850970042307,0.14,0.3,eigenvalues1_0.14_0.30.dat
E4R,25,6541.842349162637,0.14,0.3,eigenvalues1_0.14_0.30.dat
E4Y,24,7453.749893762643,0.14,0.3,eigenvalues1_0.14_0.30.dat
P3C,28,4865.468656511415,0.14,0.3,eigenvalues1_0.14_0.30.dat
P3D,26,4966.335457004603,0.14,0.3,eigenvalues1_0.14_0.30.dat
P3M,28,6577.055937705913,0.14,0.3,eigenvalues1_0.14_0.30.dat
P3R,27,4924.47163943757,0.14,0.3,eigenvalues1_0.14_0.30.dat
T5D,24,5462.923591865394,0.14,0.3,eigenvalues1_0.14_0.30.dat
T5G,25,5094.111566518013,0.14,0.3,eigenvalues1_0.14_0.30.dat
T5R,21,5464.35258559509,0.14,0.3,eigenvalues1_0.14_0.30.dat
T5Y,23,3183.113057640405,0.14,0.3,eigenvalues1_0.14_0.30.dat
T7D,23,6168.320900617943,0.14,0.3,eigenvalues1_0.14_0.30.dat
T7G,25,4610.337318726511,0.14,0.3,eigenvalues1_0.14_0.30.dat
T7Q,25,8158.9452639910705,0.14,0.3,eigenvalues1_0.14_0.30.dat
T7R,22,8039.648743910308,0.14,0.3,eigenvalues1_0.14_0.30.dat
T7V,27,6247.633267502778,0.14,0.3,eigenvalues1_0.14_0.30.dat
T7Y,28,4891.912686313155,0.14,0.3,eigenvalues1_0.14_0.30.dat
WT,23,5690.900899946106,0.14,0.3,eigenvalues1_0.14_0.30.dat
Y0A,25,7762.0804562185685,0.14,0.3,eigenvalues1_0.14_0.30.dat
Y0E,26,9262.001006339502,0.14,0.3,eigenvalues1_0.14_0.30.dat
Y0Q,26,7964.931753602882,0.14,0.3,eigenvalues1_0.14_0.30.dat
Y0R,28,5557.046446192248,0.14,0.3,eigenvalues1_0.14_0.30.dat
Y9A,21,4292.7042046609695,0.14,0.3,eigenvalues1_0.14_0.30.dat
Y9E,21,3089.8924962990322,0.14,0.3,eigenvalues1_0.14_0.30.dat
Y9G,22,4532.410237526647,0.14,0.3,eigenvalues1_0.14_0.30.dat
Y9K,19,5113.875852534479,0.14,0.3,eigenvalues1_0.14_0.30.dat
Y9Q,24,4942.934003865441,0.14,0.3,eigenvalues1_0.14_0.30.dat
Y9R,26,4393.052601680644,0.14,0.3,eigenvalues1_0.14_0.30.dat
Y9V,28,4722.154742952629,0.14,0.3,eigenvalues1_0.14_0.30.dat
