mfpt_threshold,tF,tU,rho_spear_abs,n
0.28,0.25,0.63,0.24371740161213842,37
0.3,0.25,0.57,0.17496443812233284,37
0.32,0.25,0.63,0.25912754860123277,37
0.34,0.25,0.79,0.33025130393551444,37
0.36,0.29,0.74,0.4061166429587481,37
0.38,0.25,0.68,0.3601232811759127,37
0.4,0.22,0.68,0.475343764817449,37
0.42,0.22,0.68,0.47463252726410615,37
0.44,0.25,0.68,0.5135135135135135,37
0.46,0.25,0.68,0.5486012328117591,37
0.48,0.22,0.68,0.5388809862494073,37
0.5,0.22,0.68,0.525841631104789,37
