mfpt_threshold,tF,tU,rho_spear_abs,n
0.28,0.25,0.52,0.5113250902724588,38
0.3,0.25,0.52,0.39752708173760803,38
0.32,0.25,0.52,0.3360323886639676,38
0.34,0.25,0.52,0.276288434183171,38
0.36,0.25,0.52,0.3178684757632126,38
0.38,0.25,0.57,0.3104278367436262,38
0.4,0.25,0.52,0.26009410219936535,38
0.42,0.25,0.52,0.24193018929861035,38
0.44,0.25,0.52,0.3568224094539884,38
0.46,0.25,0.57,0.3601050443155706,38
0.48,0.22,0.57,0.31896268738374,38
0.5,0.25,0.57,0.4089068825910931,38
