mfpt_threshold,tF,tU,rho_spear_abs,n
0.28,0.25,0.57,0.5701936754568333,38
0.3,0.25,0.57,0.6082722398511872,38
0.32,0.22,0.52,0.6351898457161614,38
0.34,0.25,0.57,0.6498522814312288,38
0.36,0.25,0.57,0.6559798665061822,38
0.38,0.25,0.57,0.5616588248167195,38
0.4,0.25,0.57,0.5371484845169056,38
0.42,0.25,0.57,0.48659590764853916,38
0.44,0.25,0.57,0.5448079658605974,38
0.46,0.22,0.68,0.5693183061604115,38
0.48,0.22,0.68,0.5944851734325418,38
0.5,0.22,0.68,0.5728197833460991,38
