Mutant,N_Features,HLDA_Eigenvalue,Thr_F,Thr_UF,Eigenvalue_File
D2A,28,5356.045154656813,0.14,0.26,eigenvalues1_0.14_0.26.dat
D2C,23,4780.630318286671,0.14,0.26,eigenvalues1_0.14_0.26.dat
D2E,26,6257.2354793926015,0.14,0.26,eigenvalues1_0.14_0.26.dat
D2K,24,9763.36346820127,0.14,0.26,eigenvalues1_0.14_0.26.dat
D2M,24,5910.116870596455,0.14,0.26,eigenvalues1_0.14_0.26.dat
D2N,25,7558.212537389974,0.14,0.26,eigenvalues1_0.14_0.26.dat
D2R,26,4504.11358423617,0.14,0.26,eigenvalues1_0.14_0.26.dat
D2Y,24,5593.305215321745,0.14,0.26,eigenvalues1_0.14_0.26.dat
E4A,26,8402.494279046308,0.14,0.26,eigenvalues1_0.14_0.26.dat
E4G,28,5958.624765920091,0.14,0.26,eigenvalues1_0.14_0.26.dat
E4R,25,5835.200470808488,0.14,0.26,eigenvalues1_0.14_0.26.dat
E4Y,24,6992.458690182635,0.14,0.26,eigenvalues1_0.14_0.26.dat
T5D,24,5257.924551362972,0.14,0.26,eigenvalues1_0.14_0.26.dat
T5G,24,4198.8832430344455,0.14,0.26,eigenvalues1_0.14_0.26.dat
T5R,21,5404.414891481986,0.14,0.26,eigenvalues1_0.14_0.26.dat
T5Y,24,2943.8075899597648,0.14,0.26,eigenvalues1_0.14_0.26.dat
T7D,23,5857.946142853098,0.14,0.26,eigenvalues1_0.14_0.26.dat
T7G,25,4573.882514985578,0.14,0.26,eigenvalues1_0.14_0.26.dat
T7Q,25,7639.1171948217825,0.14,0.26,eigenvalues1_0.14_0.26.dat
T7R,22,7989.550852261006,0.14,0.26,eigenvalues1_0.14_0.26.dat
T7Y,27,4463.365591549722,0.14,0.26,eigenvalues1_0.14_0.26.dat
WT,23,5113.274382424087,0.14,0.26,eigenvalues1_0.14_0.26.dat
Y0A,25,7015.682187648078,0.14,0.26,eigenvalues1_0.14_0.26.dat
Y0E,26,8877.341633318789,0.14,0.26,eigenvalues1_0.14_0.26.dat
Y0Q,26,7399.007477512278,0.14,0.26,eigenvalues1_0.14_0.26.dat
Y0R,28,4280.13579226776,0.14,0.26,eigenvalues1_0.14_0.26.dat
Y9A,21,4153.426074158998,0.14,0.26,eigenvalues1_0.14_0.26.dat
Y9E,21,3058.6214315938123,0.14,0.26,eigenvalues1_0.14_0.26.dat
Y9G,22,4532.410237526647,0.14,0.26,eigenvalues1_0.14_0.26.dat
Y9K,19,4801.560021513543,0.14,0.26,eigenvalues1_0.14_0.26.dat
Y9Q,24,4877.993219117221,0.14,0.26,eigenvalues1_0.14_0.26.dat
Y9R,26,3917.405621092027,0.14,0.26,eigenvalues1_0.14_0.26.dat
Y9V,28,4141.27113744403,0.14,0.26,eigenvalues1_0.14_0.26.dat
P3C,28,4520.611229296066,0.14,0.26,eigenvalues1_0.14_0.26.dat
P3D,28,3822.18585466587,0.14,0.26,eigenvalues1_0.14_0.26.dat
P3M,28,6221.538650818062,0.14,0.26,eigenvalues1_0.14_0.26.dat
P3R,27,4532.801457919295,0.14,0.26,eigenvalues1_0.14_0.26.dat
T7V,27,4532.801457919295,0.14,0.26,eigenvalues1_0.14_0.26.dat
