Mutant,N_Features,HLDA_Eigenvalue,Thr_F,Thr_UF,Eigenvalue_File
D2A,28,7229.6043674181265,0.1,0.3,eigenvalues1_0.10_0.30.dat
D2C,19,3838.888767104436,0.1,0.3,eigenvalues1_0.10_0.30.dat
D2E,26,7140.66775907681,0.1,0.3,eigenvalues1_0.10_0.30.dat
D2K,17,4360.313839257476,0.1,0.3,eigenvalues1_0.10_0.30.dat
D2M,24,6967.983280056464,0.1,0.3,eigenvalues1_0.10_0.30.dat
D2N,21,4525.900080037194,0.1,0.3,eigenvalues1_0.10_0.30.dat
D2R,26,6406.146070999965,0.1,0.3,eigenvalues1_0.10_0.30.dat
D2Y,19,4473.053463051016,0.1,0.3,eigenvalues1_0.10_0.30.dat
E4A,20,8195.715913960095,0.1,0.3,eigenvalues1_0.10_0.30.dat
E4G,28,7593.995785312622,0.1,0.3,eigenvalues1_0.10_0.30.dat
E4R,25,8236.062561956234,0.1,0.3,eigenvalues1_0.10_0.30.dat
E4Y,20,7387.0039935316745,0.1,0.3,eigenvalues1_0.10_0.30.dat
P3C,28,6089.742685010511,0.1,0.3,eigenvalues1_0.10_0.30.dat
P3D,27,8014.798347483751,0.1,0.3,eigenvalues1_0.10_0.30.dat
P3M,28,8103.840412304568,0.1,0.3,eigenvalues1_0.10_0.30.dat
P3R,27,6035.027422572,0.1,0.3,eigenvalues1_0.10_0.30.dat
T5D,21,5302.32224808438,0.1,0.3,eigenvalues1_0.10_0.30.dat
T5G,23,5420.229394259139,0.1,0.3,eigenvalues1_0.10_0.30.dat
T5R,19,5059.966308140606,0.1,0.3,eigenvalues1_0.10_0.30.dat
T5Y,19,4143.804932037195,0.1,0.3,eigenvalues1_0.10_0.30.dat
T7D,21,5914.180249160898,0.1,0.3,eigenvalues1_0.10_0.30.dat
T7G,21,5878.0760570892735,0.1,0.3,eigenvalues1_0.10_0.30.dat
T7Q,18,5780.725717543347,0.1,0.3,eigenvalues1_0.10_0.30.dat
T7R,22,8377.958652695452,0.1,0.3,eigenvalues1_0.10_0.30.dat
T7V,27,6933.640826498831,0.1,0.3,eigenvalues1_0.10_0.30.dat
T7Y,27,6233.604488716206,0.1,0.3,eigenvalues1_0.10_0.30.dat
WT,20,6884.208814178308,0.1,0.3,eigenvalues1_0.10_0.30.dat
Y0A,25,8941.764851085296,0.1,0.3,eigenvalues1_0.10_0.30.dat
Y0E,20,8695.886003070831,0.1,0.3,eigenvalues1_0.10_0.30.dat
Y0Q,26,9622.874163899975,0.1,0.3,eigenvalues1_0.10_0.30.dat
Y0R,28,7399.691060578255,0.1,0.3,eigenvalues1_0.10_0.30.dat
Y9A,19,6203.559780568572,0.1,0.3,eigenvalues1_0.10_0.30.dat
Y9E,19,3739.8951115190494,0.1,0.3,eigenvalues1_0.10_0.30.dat
Y9G,20,5727.187963686361,0.1,0.3,eigenvalues1_0.10_0.30.dat
Y9K,23,9983.983199246328,0.1,0.3,eigenvalues1_0.10_0.30.dat
Y9Q,19,5733.8871699028805,0.1,0.3,eigenvalues1_0.10_0.30.dat
Y9R,25,5472.2135472998725,0.1,0.3,eigenvalues1_0.10_0.30.dat
Y9V,27,6708.429466466605,0.1,0.3,eigenvalues1_0.10_0.30.dat
