mfpt_threshold,tF,tU,rho_spear_abs,n
0.28,0.25,0.63,0.24371740161213842,37
0.3,0.25,0.57,0.17496443812233284,37
0.32,0.25,0.63,0.25912754860123277,37
0.34,0.25,0.79,0.33025130393551444,37
0.36,0.25,0.74,0.40706495969653866,37
0.38,0.25,0.74,0.36510194404931245,37
0.4,0.25,0.68,0.4739212897107633,37
0.42,0.25,0.68,0.4741583688952109,37
0.44,0.25,0.68,0.5135135135135135,37
0.46,0.25,0.68,0.5486012328117591,37
0.48,0.22,0.68,0.5362731152204836,37
0.5,0.25,0.68,0.5237079184447605,37
