mfpt_threshold,tF,tU,rho_spear_abs,n
0.28,0.25,0.63,0.24169884169884173,36
0.3,0.25,0.57,0.18841698841698845,36
0.32,0.25,0.63,0.267953667953668,36
0.34,0.25,0.79,0.34079794079794085,36
0.36,0.25,0.79,0.39768339768339767,36
0.38,0.22,0.68,0.3595881595881596,36
0.4,0.22,0.68,0.47927927927927927,36
0.42,0.22,0.68,0.4777348777348777,36
0.44,0.25,0.68,0.5148005148005148,36
0.46,0.25,0.68,0.5503217503217503,36
0.48,0.22,0.68,0.5433719433719434,36
0.5,0.22,0.68,0.5305019305019305,36
