Mutant,N_Features,HLDA_Eigenvalue,Thr_F,Thr_UF,Eigenvalue_File
D2A,28,5511.425206482028,0.12,0.26,eigenvalues1_0.12_0.26.dat
D2C,23,5341.309344939961,0.12,0.26,eigenvalues1_0.12_0.26.dat
D2E,26,6295.653838682855,0.12,0.26,eigenvalues1_0.12_0.26.dat
D2K,22,7257.810666228091,0.12,0.26,eigenvalues1_0.12_0.26.dat
D2M,24,6005.613808245373,0.12,0.26,eigenvalues1_0.12_0.26.dat
D2N,25,7885.836112141458,0.12,0.26,eigenvalues1_0.12_0.26.dat
D2R,26,5014.121190228543,0.12,0.26,eigenvalues1_0.12_0.26.dat
D2Y,24,6180.0152519867,0.12,0.26,eigenvalues1_0.12_0.26.dat
E4A,25,8585.349909076494,0.12,0.26,eigenvalues1_0.12_0.26.dat
E4G,28,6190.851346253958,0.12,0.26,eigenvalues1_0.12_0.26.dat
E4R,25,6307.698600047056,0.12,0.26,eigenvalues1_0.12_0.26.dat
E4Y,22,7396.332988589843,0.12,0.26,eigenvalues1_0.12_0.26.dat
P3C,28,5090.021802957288,0.12,0.26,eigenvalues1_0.12_0.26.dat
P3D,28,4311.858948876972,0.12,0.26,eigenvalues1_0.12_0.26.dat
P3M,28,6643.328433515835,0.12,0.26,eigenvalues1_0.12_0.26.dat
P3R,27,4778.943339578547,0.12,0.26,eigenvalues1_0.12_0.26.dat
T5D,24,5353.103211638969,0.12,0.26,eigenvalues1_0.12_0.26.dat
T5G,24,4341.329855416756,0.12,0.26,eigenvalues1_0.12_0.26.dat
T5R,21,5530.686709085287,0.12,0.26,eigenvalues1_0.12_0.26.dat
T5Y,19,3293.2021736722027,0.12,0.26,eigenvalues1_0.12_0.26.dat
T7D,23,6082.011302741645,0.12,0.26,eigenvalues1_0.12_0.26.dat
T7G,24,5817.529484641227,0.12,0.26,eigenvalues1_0.12_0.26.dat
T7Q,24,6321.644317428276,0.12,0.26,eigenvalues1_0.12_0.26.dat
T7R,22,7999.024252802534,0.12,0.26,eigenvalues1_0.12_0.26.dat
T7V,27,5489.9842961343975,0.12,0.26,eigenvalues1_0.12_0.26.dat
T7Y,27,4867.549549369165,0.12,0.26,eigenvalues1_0.12_0.26.dat
WT,21,5664.498930454349,0.12,0.26,eigenvalues1_0.12_0.26.dat
Y0E,26,9758.141837890696,0.12,0.26,eigenvalues1_0.12_0.26.dat
Y0Q,26,7905.012074654991,0.12,0.26,eigenvalues1_0.12_0.26.dat
Y0R,28,4542.995560435581,0.12,0.26,eigenvalues1_0.12_0.26.dat
Y9A,19,4834.027887016605,0.12,0.26,eigenvalues1_0.12_0.26.dat
Y9E,20,3312.047309276504,0.12,0.26,eigenvalues1_0.12_0.26.dat
Y9G,22,5075.783592961016,0.12,0.26,eigenvalues1_0.12_0.26.dat
Y9K,19,5357.554294467449,0.12,0.26,eigenvalues1_0.12_0.26.dat
Y9Q,23,5175.856724128449,0.12,0.26,eigenvalues1_0.12_0.26.dat
Y9R,26,4246.4459028532365,0.12,0.26,eigenvalues1_0.12_0.26.dat
Y9V,28,4551.027991646205,0.12,0.26,eigenvalues1_0.12_0.26.dat
Y0A,28,4551.027991646205,0.12,0.26,eigenvalues1_0.12_0.26.dat
