Mutant,local_dvar_F(WT-Mut),local_dvar_U(WT-Mut),local_abs_dvar_F,local_abs_dvar_U
D2A,-0.0007412958266842257,-0.016227643209713823,0.0007412958266842257,0.05151463807294037
D2R,-0.002330867439671532,-0.057748668438271915,0.002330867439671532,0.09597930395644429
D2N,-0.0013360984166135082,-0.11148694873102691,0.0013427949103146462,0.11148694873102691
D2C,-0.0012095884125683846,-0.0651300261618058,0.0012095884125683846,0.0651300261618058
D2E,-0.0005478703297060058,-0.034184906683213986,0.0005926021099536371,0.060282425660198924
D2K,-0.0009366273639558867,-0.030850689911972238,0.0009366273639558867,0.06466780969553376
D2M,-0.0005907488386455361,-0.0817762910737318,0.0005907488386455361,0.120413487972936
D2Y,-0.0012695174283721793,-0.023804167295771988,0.0012695174283721793,0.029029266174329892
P3R,-7.023114498049183e-05,-0.020656798087497236,0.0005057041948726413,0.07232308985455412
P3D,-0.002065124770635384,0.006732100976678965,0.002065124770635384,0.02584186957259945
P3C,0.00017660236248334866,-0.07105578854639133,0.0012199546614857079,0.08524783660992627
P3M,-0.0001207622448380929,0.02149349137081056,0.0009137863593354284,0.04049449361640199
T7R,-0.00018918962063748577,-0.006375825737158048,0.00034209099415068595,0.028800245158279846
T7D,-0.0003897444334204327,0.040540103716712406,0.0006483451829765198,0.06339405320005242
T7Q,-0.0002582081849119624,0.09271185642434239,0.0005581014457499447,0.09271185642434239
T7Y,-0.00023343916946915458,0.007941042841307717,0.00044221754327770116,0.028726781079236544
T7V,-0.0003518192953648528,-0.040191292078579195,0.00041706970006719714,0.05586514051082036
Y0A,-0.0023945315716947095,-0.011756568660772272,0.002673513465097931,0.01765888829734933
Y0R,-0.000726359364467629,0.22986367302199046,0.000726359364467629,0.22986367302199046
Y0Q,-0.0015245164689024976,0.12075149220671069,0.0016053780885634744,0.146007521955622
Y0E,-0.002144627956498317,0.04945592841408139,0.0024757255072900127,0.059712259809027946
Y9A,-0.012934635692972386,-0.07977916159431077,0.012934635692972386,0.08965865572405847
Y9R,-0.011341608561439192,0.03159157884327485,0.011341608561439192,0.05145813865142526
Y9Q,-0.014204485564474928,0.07461001121349065,0.014204485564474928,0.08755279239523595
Y9E,-0.021229099737357777,0.16126889094254884,0.021229099737357777,0.17780391404187698
Y9G,-0.017321393756954025,-0.22900634490019,0.017321393756954025,0.22990566651365424
Y9V,-0.016364233683523362,0.11754481469811384,0.016364233683523362,0.11754481469811384
