Mutant,local_dvar_F(WT-Mut),local_dvar_U(WT-Mut),local_abs_dvar_F,local_abs_dvar_U
D2A,0.000672545525619842,-0.018437179980132355,0.0007955209629006026,0.09428388944940713
D2R,-0.001699833167893747,0.02628566017074699,0.001699833167893747,0.03543144807109928
D2N,-0.00018191714190701172,-0.05940112374475699,0.00034907069675442926,0.06391820129213989
D2C,-2.5282168631988967e-05,-0.06609146256997261,0.00043972926460264104,0.06609146256997261
D2E,0.000788560308718985,0.03859733511474525,0.0008878967078923389,0.08524444146783024
D2M,0.0005376285092366375,0.0006836474556898078,0.0006417011258199152,0.05225251060252322
T7R,0.0017408393462184696,0.014621263537780125,0.0017408393462184696,0.05531779963357378
T7D,0.0015089719010566347,-0.04384666780867366,0.0017478588909853655,0.12214887526915927
T7G,0.0003058508479170113,-0.09601814175141092,0.0008398793412608172,0.18825416713520354
T7Q,0.0003058508479170008,-0.09601814175141896,0.0008398793412610615,0.1882541671352054
T7Y,-4.6220813277920406e-05,0.04708392487766466,0.0016068760668471608,0.06140971269089998
T7V,0.001312987400874937,0.019227761943337595,0.001312987400874937,0.05367449345916318
Y9A,-0.019485591079888266,0.04470842125870002,0.021755540142436802,0.08364771981354312
Y9R,-0.005047067763254049,0.26685239317746046,0.009531890578635209,0.2926965751310545
Y9Q,-0.007305800277163193,0.3497709581721796,0.011414729246850996,0.38224319593674894
Y9E,-0.019628308736006836,0.3242827231415814,0.019628308736006836,0.35197893836630206
Y9G,-0.014635131765709528,0.07876000061934195,0.015825262039666867,0.21455476367507914
Y9V,-0.008604223496519466,0.02985630427552969,0.014550154975580352,0.09782348075514072
