Mutant,top5_evec_dot
D2A,0.9719635281268237
D2C,0.9991246781855659
D2M,0.969863202834972
D2N,0.9992635777717054
D2R,0.9917577748309497
D2E,0.9863859032254789
Y9E,0.5669870900624722
Y9G,0.9877277237163331
Y9Q,0.9445647600136364
Y9R,0.5257311147531026
Y9V,0.9941948541643458
Y9A,0.9928566062806841
T7V,0.9652408318341757
T7Q,0.9813796312362814
T7R,0.9728601386804523
T7Y,0.9161765661633795