Mutant,dvar_F(WT-Mut),dvar_U(WT-Mut),abs_dvar_F,abs_dvar_U
D2A,-0.004040748472979431,-0.1482340596675153,0.004224537656660676,0.3698901921809847
D2R,-0.008703836829404218,-0.25426881527325446,0.011312154237940108,0.5144466862191072
D2N,-0.005684662353501567,-0.405364984370844,0.008225663846295748,0.45412300423066565
D2C,-0.0057898398225984405,-0.18123287157526108,0.00706330168910742,0.3342572780155875
D2E,-3.2196832741408776e-05,-0.33021573193328,0.002885568612992457,0.43114000725300333
D2K,-0.0013030434019424284,-0.07526850444115993,0.004562697279209238,0.3337110906019227
D2M,0.0015590712530137336,-0.4610412649972328,0.003567587225183629,0.7788710244726476
D2Y,-0.00186961596117376,0.14590077573047178,0.004218221944373749,0.31816391839459024
P3R,-0.0024058878046642005,-0.4685727768123551,0.00355245616057457,0.6059897963270453
P3D,-0.010632673731490417,-0.21909433753272284,0.010632673731490417,0.34489136335952525
P3C,-0.0023926164612326816,-0.7987718424729714,0.0047565337773050505,0.9157539078653606
P3M,-0.0012095057084385002,-0.1661243136453821,0.002703620957061075,0.3225698896767908
T7R,-0.0021444844706844995,-0.02393368144256367,0.0027136731598552326,0.3438359500171879
T7D,-0.009212654764795705,-0.12954109274654224,0.010792210743479256,0.26011561370787584
T7Q,-0.0025513002352285665,-0.009980925501806705,0.004034793886528873,0.5481258665491004
T7Y,-0.0012077946966855295,0.11785025748369159,0.003320418714356507,0.42658962972180225
T7V,-0.0026210791116210042,-0.12181606632532795,0.0037017278871235354,0.460429621174896
Y0A,-0.0033773203213194655,-0.011163161987262936,0.004748053468949948,0.15662324491328677
Y0R,-0.0019015817590656138,0.48370602617422354,0.001965299976350317,0.5015573612202591
Y0Q,-0.002067574959171741,0.32398330946082293,0.002937841613619707,0.42638801238582474
Y0E,-0.005151784102371234,0.189883207921691,0.0065464441009236325,0.2503219832760835
Y9A,-0.014062840818332171,-0.20148597484109526,0.01462821773214431,0.21345924995074222
Y9R,-0.016390298957039643,0.013505423030357436,0.016571115444414853,0.29500307038480306
Y9Q,-0.026244447255585272,-0.01843743594151271,0.026244447255585272,0.1975624826379371
Y9E,-0.029029713194240962,0.22728143516917348,0.02904846411614407,0.3110787767108166
Y9G,-0.02220980335648236,-0.30285317303905723,0.022320711798245296,0.4551465192691489
Y9V,-0.023506414982965698,0.02939106798118254,0.023525415623142823,0.3248736840880835
