Mutant,dvar_F(WT-Mut),dvar_U(WT-Mut),abs_dvar_F,abs_dvar_U
D2A,0.010908895907751799,-0.031505862540400505,0.011736248833763778,0.60145587470404
D2R,-0.002811832649306124,0.12457333242696232,0.016719462970817542,0.21022103628282662
D2N,0.005683154822606794,-0.1547387447913805,0.01056664663723211,0.34347732052148594
D2C,-0.008129566973334454,-0.3834879423844933,0.015454196676363592,0.5564742955472357
D2E,0.013578585290357069,0.17538928293307557,0.013788940113461254,0.47008125540134776
D2M,0.013069121267266887,0.14135113061695515,0.01343376440332624,0.28410833863162716
T7R,0.013093733392559908,0.2850470634375042,0.013273155270277476,0.5943724306182026
T7D,0.005391983944330945,-0.1864285003304959,0.015982000390283867,0.45511145733839564
T7Q,0.0064846004414476485,-0.08307170382438483,0.00924092039043623,0.9962966186194601
T7Y,0.0020598089968002433,-0.00876126622945713,0.011258088530595713,0.5796041196797832
T7V,0.009401976142527179,0.14140387227088239,0.010177475859752148,0.6120407215376035
Y9A,-0.02275666847534318,-0.05532849438228164,0.027801540399709848,0.22931678449787396
Y9R,-0.012504979339029497,0.02224768958160705,0.020958138449453375,0.7388461439487503
Y9Q,-0.011701683250334112,0.4449098758277708,0.01994795223765649,0.6268046652173531
Y9E,-0.028555804247442106,0.473124380846769,0.028555804247442106,0.5619823941823564
Y9G,-0.01291177787537427,0.22945969454167803,0.02115274577674316,0.4317740707188402
Y9V,-0.00779092178766476,-0.6062576049760717,0.020000953716558165,0.8474331963548029