Mutant,var_folded,var_unfolded
D2C,0.0001971686887695143,0.01452959461929385
D2N,0.015727050161630906,0.02885486864613197
D2E,5.927259188881157e-05,-0.0062639029618956074
D2R,0.0006446446611624802,-0.004449047586677293
D2M,6.482511084823619e-05,-0.026014524053938594
D2A,0.00015741205987226343,-0.020222278348111942
Y9R,0.000577392773465772,-0.009983712728017164
Y9Q,0.0010489217844429214,-0.027496072890184013
Y9G,0.0010053569906649075,-0.008194989090774233
Y9V,0.0008213475659761975,-0.007719919894582607
Y9E,0.0012057066089491714,-0.026588596295302625
Y9A,0.000634080091418155,-0.010542206351209588
T7V,0.00019956460854112355,-0.009330940387252904
T7R,7.658873109585349e-05,-0.010180252265625156
T7Q,0.0002337271644908053,-0.01990470762928187
T7Y,6.890910399860103e-05,-0.038401989559918435
