Mutant,dvar_F(WT-Mut),dvar_U(WT-Mut),abs_dvar_F,abs_dvar_U
D2A,-0.004407537676424171,0.566223793747134,0.004621820092735692,0.7782173980587506
D2R,-0.018050050512550528,0.12457333242696468,0.019696772749024163,0.21022103628282632
D2N,-0.009555063040637588,-0.15473874479137978,0.011467594921288958,0.34347732052148566
D2C,-0.005520723285546746,-0.4068286493402277,0.0073142021283598615,0.49647643172790895
D2E,-0.001659632572887336,0.17538928293307787,0.003819831866471534,0.47008125540134893
D2M,-0.0018151031037510353,0.7284066735102814,0.0038920834951925824,0.7312090126692234
T7R,-0.0021444844706844995,0.2850470634375042,0.0027136731598552326,0.5943724306182023
T7Q,-0.006544360605743526,0.5573318136198923,0.006720876535385796,1.136038977434556
T7Y,-0.0019294549119610442,1.0752557076777325,0.003962764580307373,1.090360479813404
T7V,-0.005587809039152267,0.2612663308430816,0.006078588060837815,0.316288497574272
Y9A,-0.017754242559709487,0.2951817778338684,0.017754242559709487,0.38594167387298145
Y9R,-0.01616699765704267,0.2795439563844814,0.016586326287825085,0.41925519845784326
Y9Q,-0.029369809964403186,0.7698900409251531,0.029369809964403186,0.8522926490915778
Y9E,-0.03375978505057797,0.7444806962684751,0.033898624466904594,0.8053551737150026
Y9G,-0.028149995738618653,0.22945969454168075,0.028149995738618653,0.43177407071884183
Y9V,-0.022997731847334626,0.21615775704831272,0.023088527811544697,0.665554705073131
